{"errors":[],"warnings":[],"namedChunkGroups":{"polyfill":{"chunks":[4,10],"assets":["webpack-runtime-569cc2ddc26a2b516731.js","webpack-runtime-569cc2ddc26a2b516731.js.map","polyfill-c79399ea3b3f15e29f85.js","polyfill-c79399ea3b3f15e29f85.js.map"],"children":{},"childAssets":{}},"app":{"chunks":[4,0,9,5],"assets":["webpack-runtime-569cc2ddc26a2b516731.js","webpack-runtime-569cc2ddc26a2b516731.js.map","styles.6a134c63ee3c85e7803d.css","styles-407fe62976dc5310c43e.js","styles-407fe62976dc5310c43e.js.map","framework-de237a875aa45b276a9d.js","framework-de237a875aa45b276a9d.js.map","app-feb7fff4a217eed65f2f.js","app-feb7fff4a217eed65f2f.js.map"],"children":{},"childAssets":{}},"component---cache-caches-gatsby-plugin-offline-app-shell-js":{"chunks":[6],"assets":["component---cache-caches-gatsby-plugin-offline-app-shell-js-241020a1cf7d0f317bbe.js","component---cache-caches-gatsby-plugin-offline-app-shell-js-241020a1cf7d0f317bbe.js.map"],"children":{},"childAssets":{}},"component---src-pages-404-js":{"chunks":[0,2,1,3,7],"assets":["styles.6a134c63ee3c85e7803d.css","styles-407fe62976dc5310c43e.js","styles-407fe62976dc5310c43e.js.map","cb1608f2-81cc353532348fbcea6c.js","cb1608f2-81cc353532348fbcea6c.js.map","a9a7754c-86334aa4f5a2ecc9b2bb.js","a9a7754c-86334aa4f5a2ecc9b2bb.js.map","e50e9c162871c1d91fba5ce567a5656e16dc6783-1e2ed188bc40c24aefa7.js","e50e9c162871c1d91fba5ce567a5656e16dc6783-1e2ed188bc40c24aefa7.js.map","component---src-pages-404-js-dfefd1fb8f6eda7ae048.js","component---src-pages-404-js-dfefd1fb8f6eda7ae048.js.map"],"children":{},"childAssets":{}},"component---src-pages-index-js":{"chunks":[0,2,1,3,8],"assets":["styles.6a134c63ee3c85e7803d.css","styles-407fe62976dc5310c43e.js","styles-407fe62976dc5310c43e.js.map","cb1608f2-81cc353532348fbcea6c.js","cb1608f2-81cc353532348fbcea6c.js.map","a9a7754c-86334aa4f5a2ecc9b2bb.js","a9a7754c-86334aa4f5a2ecc9b2bb.js.map","e50e9c162871c1d91fba5ce567a5656e16dc6783-1e2ed188bc40c24aefa7.js","e50e9c162871c1d91fba5ce567a5656e16dc6783-1e2ed188bc40c24aefa7.js.map","component---src-pages-index-js-b90a7bd771c9d82e460d.js","component---src-pages-index-js-b90a7bd771c9d82e460d.js.map"],"children":{},"childAssets":{}}},"assetsByChunkName":{"polyfill":["webpack-runtime-569cc2ddc26a2b516731.js","polyfill-c79399ea3b3f15e29f85.js"],"app":["webpack-runtime-569cc2ddc26a2b516731.js","styles.6a134c63ee3c85e7803d.css","styles-407fe62976dc5310c43e.js","framework-de237a875aa45b276a9d.js","app-feb7fff4a217eed65f2f.js"],"component---cache-caches-gatsby-plugin-offline-app-shell-js":["component---cache-caches-gatsby-plugin-offline-app-shell-js-241020a1cf7d0f317bbe.js"],"component---src-pages-404-js":["styles.6a134c63ee3c85e7803d.css","styles-407fe62976dc5310c43e.js","cb1608f2-81cc353532348fbcea6c.js","a9a7754c-86334aa4f5a2ecc9b2bb.js","e50e9c162871c1d91fba5ce567a5656e16dc6783-1e2ed188bc40c24aefa7.js","component---src-pages-404-js-dfefd1fb8f6eda7ae048.js"],"component---src-pages-index-js":["styles.6a134c63ee3c85e7803d.css","styles-407fe62976dc5310c43e.js","cb1608f2-81cc353532348fbcea6c.js","a9a7754c-86334aa4f5a2ecc9b2bb.js","e50e9c162871c1d91fba5ce567a5656e16dc6783-1e2ed188bc40c24aefa7.js","component---src-pages-index-js-b90a7bd771c9d82e460d.js"]}}