{"errors":[],"warnings":[],"namedChunkGroups":{"polyfill":{"chunks":[4,10],"assets":["webpack-runtime-db057e5a6fa6330c1931.js","webpack-runtime-db057e5a6fa6330c1931.js.map","polyfill-c79399ea3b3f15e29f85.js","polyfill-c79399ea3b3f15e29f85.js.map"],"children":{},"childAssets":{}},"app":{"chunks":[4,9,5],"assets":["webpack-runtime-db057e5a6fa6330c1931.js","webpack-runtime-db057e5a6fa6330c1931.js.map","framework-de237a875aa45b276a9d.js","framework-de237a875aa45b276a9d.js.map","app-01eb5ca4279bf5913626.js","app-01eb5ca4279bf5913626.js.map"],"children":{},"childAssets":{}},"component---cache-caches-gatsby-plugin-offline-app-shell-js":{"chunks":[6],"assets":["component---cache-caches-gatsby-plugin-offline-app-shell-js-241020a1cf7d0f317bbe.js","component---cache-caches-gatsby-plugin-offline-app-shell-js-241020a1cf7d0f317bbe.js.map"],"children":{},"childAssets":{}},"component---src-pages-404-js":{"chunks":[3,1,0,2,7],"assets":["styles.721f8f76301f2d02e546.css","styles-474c0340beb1ced255f1.js","styles-474c0340beb1ced255f1.js.map","cb1608f2-b546d2435ccad95157d8.js","cb1608f2-b546d2435ccad95157d8.js.map","a9a7754c-4bc4c9ad88e030111c9f.js","a9a7754c-4bc4c9ad88e030111c9f.js.map","e50e9c162871c1d91fba5ce567a5656e16dc6783-04b9bfb9574a8e3820e6.js","e50e9c162871c1d91fba5ce567a5656e16dc6783-04b9bfb9574a8e3820e6.js.map","component---src-pages-404-js-dfefd1fb8f6eda7ae048.js","component---src-pages-404-js-dfefd1fb8f6eda7ae048.js.map"],"children":{},"childAssets":{}},"component---src-pages-index-js":{"chunks":[3,1,0,2,8],"assets":["styles.721f8f76301f2d02e546.css","styles-474c0340beb1ced255f1.js","styles-474c0340beb1ced255f1.js.map","cb1608f2-b546d2435ccad95157d8.js","cb1608f2-b546d2435ccad95157d8.js.map","a9a7754c-4bc4c9ad88e030111c9f.js","a9a7754c-4bc4c9ad88e030111c9f.js.map","e50e9c162871c1d91fba5ce567a5656e16dc6783-04b9bfb9574a8e3820e6.js","e50e9c162871c1d91fba5ce567a5656e16dc6783-04b9bfb9574a8e3820e6.js.map","component---src-pages-index-js-41139979c7d2cd22f154.js","component---src-pages-index-js-41139979c7d2cd22f154.js.map"],"children":{},"childAssets":{}}},"assetsByChunkName":{"polyfill":["webpack-runtime-db057e5a6fa6330c1931.js","polyfill-c79399ea3b3f15e29f85.js"],"app":["webpack-runtime-db057e5a6fa6330c1931.js","framework-de237a875aa45b276a9d.js","app-01eb5ca4279bf5913626.js"],"component---cache-caches-gatsby-plugin-offline-app-shell-js":["component---cache-caches-gatsby-plugin-offline-app-shell-js-241020a1cf7d0f317bbe.js"],"component---src-pages-404-js":["styles.721f8f76301f2d02e546.css","styles-474c0340beb1ced255f1.js","cb1608f2-b546d2435ccad95157d8.js","a9a7754c-4bc4c9ad88e030111c9f.js","e50e9c162871c1d91fba5ce567a5656e16dc6783-04b9bfb9574a8e3820e6.js","component---src-pages-404-js-dfefd1fb8f6eda7ae048.js"],"component---src-pages-index-js":["styles.721f8f76301f2d02e546.css","styles-474c0340beb1ced255f1.js","cb1608f2-b546d2435ccad95157d8.js","a9a7754c-4bc4c9ad88e030111c9f.js","e50e9c162871c1d91fba5ce567a5656e16dc6783-04b9bfb9574a8e3820e6.js","component---src-pages-index-js-41139979c7d2cd22f154.js"]}}